Title,Creator,Year
"A deep learning-based segmentation method for multi-scale ...","Yang et al.",2025
"Bubble Detection in Multiphase Flows Through Computer Visi...","Nizovtseva ...",2024
"Automated Segmentation and Analysis of High-Speed Video ...","Maduabuchi",2024
"3D detection and tracking of deformable bubbles in swarms ...","Hessenkemm...",2024
"Bubble identification from images with machine learning met...","Hessenkemm...",2022
"A deep learning-based image processing method for bubble ...","Cui et al.",2022
"Deep learning-based automated and universal bubble detecti...","Kim and Park",2021
"Development of a deep learning-based image processing tec...","Cerqueira a...",2021
"Development of a robust image processing technique for bub...","Fu and Liu",2016
